game_id,Position,Ref,Date_Fetched
0022000003,official1,Josh Tiven,2021-03-01
0022000003,official2,Nick Buchert,2021-03-01
0022000003,official3,Jason Goldenberg,2021-03-01
0022000004,official1,Kane Fitzgerald,2021-03-01
0022000004,official2,Michael Smith,2021-03-01
0022000004,official3,Eric Dalen,2021-03-01
0022000010,official1,David Guthrie,2021-03-01
0022000010,official2,JB DeRosa,2021-03-01
0022000010,official3,Andy Nagy,2021-03-01
0022000011,official1,Curtis Blair,2021-03-01
0022000011,official2,Scott Twardoski,2021-03-01
0022000011,official3,Natalie Sago,2021-03-01
0022000012,official1,Eric Lewis,2021-03-01
0022000012,official2,Scott Wall,2021-03-01
0022000012,official3,Brandon Schwab,2021-03-01
0022000013,official1,James Williams,2021-03-01
0022000013,official2,Mitchell Ervin,2021-03-01
0022000013,official3,Evan Scott,2021-03-01
0022000014,official1,John Goble,2021-03-01
0022000014,official2,Brent Barnaky,2021-03-01
0022000014,official3,Dannica Mosher,2021-03-01
0022000015,official1,Marc Davis,2021-03-01
0022000015,official2,Marat Kogut,2021-03-01
0022000015,official3,Simone Jelks,2021-03-01
0022000016,official1,Scott Foster,2021-03-01
0022000016,official2,JT Orr,2021-03-01
0022000016,official3,CJ Washington,2021-03-01
0022000017,official1,James Capers,2021-03-01
0022000017,official2,Jacyn Goble,2021-03-01
0022000017,official3,Robert Hussey,2021-03-01
0022000018,official1,Mark Ayotte,2021-03-01
0022000018,official2,Tyler Ford,2021-03-01
0022000018,official3,Justin Van Duyne,2021-03-01
0022000019,official1,Tony Brown,2021-03-01
0022000019,official2,Derrick Collins,2021-03-01
0022000019,official3,John Butler,2021-03-01
0022000020,official1,Ken Mauer,2021-03-01
0022000020,official2,Bill Spooner,2021-03-01
0022000020,official3,Mousa Dagher,2021-03-01
0022000005,official1,John Goble,2021-03-01
0022000005,official2,James Williams,2021-03-01
0022000005,official3,Brent Barnaky,2021-03-01
0022000006,official1,Marc Davis,2021-03-01
0022000006,official2,Mark Ayotte,2021-03-01
0022000006,official3,JT Orr,2021-03-01
0022000007,official1,Josh Tiven,2021-03-01
0022000007,official2,Curtis Blair,2021-03-01
0022000007,official3,Mitchell Ervin,2021-03-01
0022000008,official1,Scott Foster,2021-03-01
0022000008,official2,Kevin Cutler,2021-03-01
0022000008,official3,Brandon Adair,2021-03-01
0022000009,official1,Kane Fitzgerald,2021-03-01
0022000009,official2,Derrick Collins,2021-03-01
0022000009,official3,Justin Van Duyne,2021-03-01
0022000021,official1,James Capers,2021-03-01
0022000021,official2,Michael Smith,2021-03-01
0022000021,official3,Robert Hussey,2021-03-01
0022000022,official1,David Guthrie,2021-03-01
0022000022,official2,Gediminas Petraitis,2021-03-01
0022000022,official3,Dannica Mosher,2021-03-01
0022000023,official1,Courtney Kirkland,2021-03-01
0022000023,official2,Brian Forte,2021-03-01
0022000023,official3,Ashley Moyer-Gleich,2021-03-01
0022000024,official1,Rodney Mott,2021-03-01
0022000024,official2,Ben Taylor,2021-03-01
0022000024,official3,Evan Scott,2021-03-01
0022000025,official1,Zach Zarba,2021-03-01
0022000025,official2,Scott Wall,2021-03-01
0022000025,official3,John Conley,2021-03-01
0022000026,official1,Tony Brothers,2021-03-01
0022000026,official2,Dedric Taylor,2021-03-01
0022000026,official3,Andy Nagy,2021-03-01
0022000027,official1,Eric Lewis,2021-03-01
0022000027,official2,Marat Kogut,2021-03-01
0022000027,official3,CJ Washington,2021-03-01
0022000028,official1,Tony Brown,2021-03-01
0022000028,official2,Leon Wood,2021-03-01
0022000028,official3,Matt Myers,2021-03-01
0022000029,official1,Ken Mauer,2021-03-01
0022000029,official2,Bill Spooner,2021-03-01
0022000029,official3,John Butler,2021-03-01
0022000030,official1,Bill Kennedy,2021-03-01
0022000030,official2,Nick Buchert,2021-03-01
0022000030,official3,Derek Richardson,2021-03-01
0022000031,official1,Marc Davis,2021-03-01
0022000031,official2,Derrick Collins,2021-03-01
0022000031,official3,Nate Green,2021-03-01
0022000032,official1,Sean Wright,2021-03-01
0022000032,official2,JT Orr,2021-03-01
0022000032,official3,Jason Goldenberg,2021-03-01
0022000033,official1,Rodney Mott,2021-03-01
0022000033,official2,Ben Taylor,2021-03-01
0022000033,official3,Haywoode Workman,2021-03-01
0022000034,official1,Curtis Blair,2021-03-01
0022000034,official2,Aaron Smith,2021-03-01
0022000034,official3,Jonathan Sterling,2021-03-01
0022000035,official1,Ed Malloy,2021-03-01
0022000035,official2,Scott Twardoski,2021-03-01
0022000035,official3,Natalie Sago,2021-03-01
0022000036,official1,Zach Zarba,2021-03-01
0022000036,official2,Scott Wall,2021-03-01
0022000036,official3,Evan Scott,2021-03-01
0022000037,official1,Kane Fitzgerald,2021-03-01
0022000037,official2,Mark Ayotte,2021-03-01
0022000037,official3,Ashley Moyer-Gleich,2021-03-01
0022000038,official1,Tony Brothers,2021-03-01
0022000038,official2,Dedric Taylor,2021-03-01
0022000038,official3,Suyash Mehta,2021-03-01
0022000039,official1,Tony Brown,2021-03-01
0022000039,official2,Nick Buchert,2021-03-01
0022000039,official3,Brandon Adair,2021-03-01
0022000040,official1,Scott Foster,2021-03-01
0022000040,official2,Kevin Cutler,2021-03-01
0022000040,official3,Mousa Dagher,2021-03-01
0022000041,official1,Eric Lewis,2021-03-01
0022000041,official2,Curtis Blair,2021-03-01
0022000041,official3,CJ Washington,2021-03-01
0022000042,official1,Courtney Kirkland,2021-03-01
0022000042,official2,Gediminas Petraitis,2021-03-01
0022000042,official3,Jenna Schroeder,2021-03-01
0022000043,official1,James Capers,2021-03-01
0022000043,official2,Brian Forte,2021-03-01
0022000043,official3,Matt Myers,2021-03-01
0022000044,official1,Ken Mauer,2021-03-01
0022000044,official2,Bill Spooner,2021-03-01
0022000044,official3,Derek Richardson,2021-03-01
0022000045,official1,Marc Davis,2021-03-01
0022000045,official2,Derrick Collins,2021-03-01
0022000045,official3,Nate Green,2021-03-01
0022000046,official1,Ed Malloy,2021-03-01
0022000046,official2,Scott Twardoski,2021-03-01
0022000046,official3,Ashley Moyer-Gleich,2021-03-01
0022000047,official1,Rodney Mott,2021-03-01
0022000047,official2,Ben Taylor,2021-03-01
0022000047,official3,Lauren Holtkamp,2021-03-01
0022000048,official1,Zach Zarba,2021-03-01
0022000048,official2,Karl Lane,2021-03-01
0022000048,official3,Suyash Mehta,2021-03-01
0022000049,official1,Tony Brothers,2021-03-01
0022000049,official2,Gediminas Petraitis,2021-03-01
0022000049,official3,Simone Jelks,2021-03-01
0022000050,official1,Kevin Scott,2021-03-01
0022000050,official2,Mitchell Ervin,2021-03-01
0022000050,official3,Haywoode Workman,2021-03-01
0022000051,official1,David Guthrie,2021-03-01
0022000051,official2,Marat Kogut,2021-03-01
0022000051,official3,Justin Van Duyne,2021-03-01
0022000052,official1,Brian Forte,2021-03-01
0022000052,official2,Tyler Ford,2021-03-01
0022000052,official3,Jonathan Sterling,2021-03-01
0022000053,official1,Sean Wright,2021-03-01
0022000053,official2,Mark Ayotte,2021-03-01
0022000053,official3,Mousa Dagher,2021-03-01
0022000054,official1,Scott Foster,2021-03-01
0022000054,official2,Kevin Cutler,2021-03-01
0022000054,official3,Brandon Adair,2021-03-01
0022000055,official1,Bill Kennedy,2021-03-01
0022000055,official2,Leon Wood,2021-03-01
0022000055,official3,Phenizee Ransom,2021-03-01
0022000056,official1,Eric Lewis,2021-03-01
0022000056,official2,Aaron Smith,2021-03-01
0022000056,official3,Natalie Sago,2021-03-01
0022000057,official1,James Capers,2021-03-01
0022000057,official2,Scott Wall,2021-03-01
0022000057,official3,Jason Goldenberg,2021-03-01
0022000058,official1,David Guthrie,2021-03-01
0022000058,official2,Marat Kogut,2021-03-01
0022000058,official3,Matt Myers,2021-03-01
0022000059,official1,Ken Mauer,2021-03-01
0022000059,official2,Matt Boland,2021-03-01
0022000059,official3,Mousa Dagher,2021-03-01
0022000060,official1,Tony Brown,2021-03-01
0022000060,official2,Curtis Blair,2021-03-01
0022000060,official3,Derek Richardson,2021-03-01
0022000061,official1,Scott Foster,2021-03-01
0022000061,official2,Nick Buchert,2021-03-01
0022000061,official3,Phenizee Ransom,2021-03-01
0022000062,official1,Josh Tiven,2021-03-01
0022000062,official2,Jacyn Goble,2021-03-01
0022000062,official3,Suyash Mehta,2021-03-01
0022000063,official1,Zach Zarba,2021-03-01
0022000063,official2,Tyler Ford,2021-03-01
0022000063,official3,Simone Jelks,2021-03-01
0022000064,official1,Kevin Scott,2021-03-01
0022000064,official2,Scott Twardoski,2021-03-01
0022000064,official3,Matt Myers,2021-03-01
0022000065,official1,Marc Davis,2021-03-01
0022000065,official2,Mitchell Ervin,2021-03-01
0022000065,official3,Danielle Scott,2021-03-01
0022000066,official1,Rodney Mott,2021-03-01
0022000066,official2,Justin Van Duyne,2021-03-01
0022000066,official3,Ashley Moyer-Gleich,2021-03-01
0022000067,official1,John Goble,2021-03-01
0022000067,official2,Jonathan Sterling,2021-03-01
0022000067,official3,Brandon Adair,2021-03-01
0022000068,official1,Bill Kennedy,2021-03-01
0022000068,official2,Karl Lane,2021-03-01
0022000068,official3,Nate Green,2021-03-01
0022000069,official1,Brian Forte,2021-03-01
0022000069,official2,Aaron Smith,2021-03-01
0022000069,official3,Ashley Moyer-Gleich,2021-03-01
0022000070,official1,James Capers,2021-03-01
0022000070,official2,Scott Wall,2021-03-01
0022000070,official3,Suyash Mehta,2021-03-01
0022000071,official1,Ken Mauer,2021-03-01
0022000071,official2,Matt Boland,2021-03-01
0022000071,official3,Derek Richardson,2021-03-01
0022000072,official1,Curtis Blair,2021-03-01
0022000072,official2,Tyler Ford,2021-03-01
0022000072,official3,Jenna Schroeder,2021-03-01
0022000073,official1,Ben Taylor,2021-03-01
0022000073,official2,Leon Wood,2021-03-01
0022000073,official3,Natalie Sago,2021-03-01
0022000074,official1,Tony Brothers,2021-03-01
0022000074,official2,Eric Dalen,2021-03-01
0022000074,official3,Lauren Holtkamp,2021-03-01
0022000075,official1,John Goble,2021-03-01
0022000075,official2,Brandon Adair,2021-03-01
0022000075,official3,Leroy Richardson,2021-03-01
0022000076,official1,Sean Wright,2021-03-01
0022000076,official2,James Williams,2021-03-01
0022000076,official3,Phenizee Ransom,2021-03-01
0022000077,official1,Bill Kennedy,2021-03-01
0022000077,official2,Karl Lane,2021-03-01
0022000077,official3,Mousa Dagher,2021-03-01
0022000078,official1,Scott Foster,2021-03-01
0022000078,official2,Mark Ayotte,2021-03-01
0022000078,official3,Nate Green,2021-03-01
0022000079,official1,Marc Davis,2021-03-01
0022000079,official2,Mitchell Ervin,2021-03-01
0022000079,official3,John Butler,2021-03-01
0022000080,official1,Josh Tiven,2021-03-01
0022000080,official2,Jacyn Goble,2021-03-01
0022000080,official3,Simone Jelks,2021-03-01
0022000081,official1,Kevin Scott,2021-03-01
0022000081,official2,Scott Twardoski,2021-03-01
0022000081,official3,John Conley,2021-03-01
0022000082,official1,Eric Lewis,2021-03-01
0022000082,official2,Curtis Blair,2021-03-01
0022000082,official3,Evan Scott,2021-03-01
0022000083,official1,Courtney Kirkland,2021-03-01
0022000083,official2,Aaron Smith,2021-03-01
0022000083,official3,Danielle Scott,2021-03-01
0022000084,official1,Rodney Mott,2021-03-01
0022000084,official2,Jonathan Sterling,2021-03-01
0022000084,official3,Leroy Richardson,2021-03-01
0022000085,official1,James Capers,2021-03-01
0022000085,official2,Scott Wall,2021-03-01
0022000085,official3,Andy Nagy,2021-03-01
0022000086,official1,Josh Tiven,2021-03-01
0022000086,official2,Gediminas Petraitis,2021-03-01
0022000086,official3,Evan Scott,2021-03-01
0022000087,official1,Brian Forte,2021-03-01
0022000087,official2,JB DeRosa,2021-03-01
0022000087,official3,Lauren Holtkamp,2021-03-01
0022000088,official1,Tony Brothers,2021-03-01
0022000088,official2,Eric Dalen,2021-03-01
0022000088,official3,Natalie Sago,2021-03-01
0022000089,official1,John Goble,2021-03-01
0022000089,official2,Dedric Taylor,2021-03-01
0022000089,official3,Phenizee Ransom,2021-03-01
0022000090,official1,Ben Taylor,2021-03-01
0022000090,official2,Leon Wood,2021-03-01
0022000090,official3,Jacyn Goble,2021-03-01
0022000091,official1,James Williams,2021-03-01
0022000091,official2,Derrick Collins,2021-03-01
0022000091,official3,Derek Richardson,2021-03-01
0022000092,official1,Bill Kennedy,2021-03-01
0022000092,official2,Mark Ayotte,2021-03-01
0022000092,official3,Mousa Dagher,2021-03-01
0022000093,official1,Sean Corbin,2021-03-01
0022000093,official2,Gediminas Petraitis,2021-03-01
0022000093,official3,Haywoode Workman,2021-03-01
0022000094,official1,Ed Malloy,2021-03-01
0022000094,official2,Marat Kogut,2021-03-01
0022000094,official3,Jason Goldenberg,2021-03-01
0022000095,official1,Brian Forte,2021-03-01
0022000095,official2,JB DeRosa,2021-03-01
0022000095,official3,Phenizee Ransom,2021-03-01
0022000096,official1,Kane Fitzgerald,2021-03-01
0022000096,official2,Aaron Smith,2021-03-01
0022000096,official3,Brandon Schwab,2021-03-01
0022000097,official1,Kevin Scott,2021-03-01
0022000097,official2,Mitchell Ervin,2021-03-01
0022000097,official3,Jenna Schroeder,2021-03-01
0022000098,official1,John Goble,2021-03-01
0022000098,official2,Dedric Taylor,2021-03-01
0022000098,official3,Jonathan Sterling,2021-03-01
0022000099,official1,Ben Taylor,2021-03-01
0022000099,official2,Matt Boland,2021-03-01
0022000099,official3,Nate Green,2021-03-01
0022000100,official1,Courtney Kirkland,2021-03-01
0022000100,official2,Tyler Ford,2021-03-01
0022000100,official3,John Butler,2021-03-01
0022000101,official1,Sean Wright,2021-03-01
0022000101,official2,Karl Lane,2021-03-01
0022000101,official3,Leroy Richardson,2021-03-01
0022000102,official1,Tony Brown,2021-03-01
0022000102,official2,Leon Wood,2021-03-01
0022000102,official3,Evan Scott,2021-03-01
0022000103,official1,Tony Brothers,2021-03-01
0022000103,official2,Jacyn Goble,2021-03-01
0022000103,official3,Jonathan Sterling,2021-03-01
0022000104,official1,Tre Maddox,2021-03-01
0022000104,official2,Nick Buchert,2021-03-01
0022000104,official3,Robert Hussey,2021-03-01
0022000105,official1,Mark Ayotte,2021-03-01
0022000105,official2,Michael Smith,2021-03-01
0022000105,official3,Danielle Scott,2021-03-01
0022000106,official1,James Williams,2021-03-01
0022000106,official2,Derrick Collins,2021-03-01
0022000106,official3,Mousa Dagher,2021-03-01
0022000107,official1,Ben Taylor,2021-03-01
0022000107,official2,Aaron Smith,2021-03-01
0022000107,official3,Matt Myers,2021-03-01
0022000108,official1,Sean Corbin,2021-03-01
0022000108,official2,Mitchell Ervin,2021-03-01
0022000108,official3,Haywoode Workman,2021-03-01
0022000109,official1,Ed Malloy,2021-03-01
0022000109,official2,Marat Kogut,2021-03-01
0022000109,official3,Suyash Mehta,2021-03-01
0022000110,official1,Kevin Scott,2021-03-01
0022000110,official2,JB DeRosa,2021-03-01
0022000110,official3,John Butler,2021-03-01
0022000111,official1,Brian Forte,2021-03-01
0022000111,official2,Gediminas Petraitis,2021-03-01
0022000111,official3,Brandon Adair,2021-03-01
0022000112,official1,Josh Tiven,2021-03-01
0022000112,official2,Eric Dalen,2021-03-01
0022000112,official3,Brandon Schwab,2021-03-01
0022000113,official1,Courtney Kirkland,2021-03-01
0022000113,official2,Matt Boland,2021-03-01
0022000113,official3,Nate Green,2021-03-01
0022000114,official1,James Capers,2021-03-01
0022000114,official2,Dedric Taylor,2021-03-01
0022000114,official3,Jenna Schroeder,2021-03-01
0022000115,official1,David Guthrie,2021-03-01
0022000115,official2,Karl Lane,2021-03-01
0022000115,official3,Robert Hussey,2021-03-01
0022000116,official1,Sean Wright,2021-03-01
0022000116,official2,Nick Buchert,2021-03-01
0022000116,official3,Leroy Richardson,2021-03-01
0022000117,official1,Mark Ayotte,2021-03-01
0022000117,official2,Justin Van Duyne,2021-03-01
0022000117,official3,Mousa Dagher,2021-03-01
0022000118,official1,Scott Foster,2021-03-01
0022000118,official2,Leon Wood,2021-03-01
0022000118,official3,Aaron Smith,2021-03-01
0022000119,official1,Tony Brothers,2021-03-01
0022000119,official2,Mitchell Ervin,2021-03-01
0022000119,official3,John Butler,2021-03-01
0022000120,official1,John Goble,2021-03-01
0022000120,official2,Tre Maddox,2021-03-01
0022000120,official3,Ashley Moyer-Gleich,2021-03-01
0022000121,official1,Zach Zarba,2021-03-01
0022000121,official2,Michael Smith,2021-03-01
0022000121,official3,Danielle Scott,2021-03-01
0022000122,official1,James Williams,2021-03-01
0022000122,official2,Derrick Collins,2021-03-01
0022000122,official3,Brett Nansel,2021-03-01
0022000123,official1,Marc Davis,2021-03-01
0022000123,official2,Gediminas Petraitis,2021-03-01
0022000123,official3,John Conley,2021-03-01
0022000124,official1,Scott Foster,2021-03-01
0022000124,official2,Eric Dalen,2021-03-01
0022000124,official3,Matt Myers,2021-03-01
0022000125,official1,Tony Brown,2021-03-01
0022000125,official2,JB DeRosa,2021-03-01
0022000125,official3,Andy Nagy,2021-03-01
0022000126,official1,Eric Lewis,2021-03-01
0022000126,official2,Sean Corbin,2021-03-01
0022000126,official3,Brandon Adair,2021-03-01
0022000127,official1,Sean Wright,2021-03-01
0022000127,official2,Scott Twardoski,2021-03-01
0022000127,official3,Robert Hussey,2021-03-01
0022000128,official1,Rodney Mott,2021-03-01
0022000128,official2,Jacyn Goble,2021-03-01
0022000128,official3,Mousa Dagher,2021-03-01
0022000129,official1,Courtney Kirkland,2021-03-01
0022000129,official2,Dedric Taylor,2021-03-01
0022000129,official3,Haywoode Workman,2021-03-01
0022000130,official1,David Guthrie,2021-03-01
0022000130,official2,Nick Buchert,2021-03-01
0022000130,official3,Justin Van Duyne,2021-03-01
0022000131,official1,Zach Zarba,2021-03-01
0022000131,official2,Karl Lane,2021-03-01
0022000131,official3,Danielle Scott,2021-03-01
0022000132,official1,Mark Ayotte,2021-03-01
0022000132,official2,Derrick Collins,2021-03-01
0022000132,official3,Leroy Richardson,2021-03-01
0022000133,official1,James Capers,2021-03-01
0022000133,official2,Aaron Smith,2021-03-01
0022000133,official3,Brandon Schwab,2021-03-01
0022000134,official1,Tre Maddox,2021-03-01
0022000134,official2,Jacyn Goble,2021-03-01
0022000134,official3,Suyash Mehta,2021-03-01
0022000135,official1,Marc Davis,2021-03-01
0022000135,official2,Scott Wall,2021-03-01
0022000135,official3,Andy Nagy,2021-03-01
0022000136,official1,Ken Mauer,2021-03-01
0022000136,official2,JB DeRosa,2021-03-01
0022000136,official3,John Butler,2021-03-01
0022000137,official1,Bill Kennedy,2021-03-01
0022000137,official2,Dedric Taylor,2021-03-01
0022000137,official3,Derek Richardson,2021-03-01
0022000138,official1,Eric Lewis,2021-03-01
0022000138,official2,Matt Boland,2021-03-01
0022000138,official3,Ashley Moyer-Gleich,2021-03-01
0022000139,official1,Brian Forte,2021-03-01
0022000139,official2,Scott Twardoski,2021-03-01
0022000139,official3,Brandon Adair,2021-03-01
0022000140,official1,David Guthrie,2021-03-01
0022000140,official2,Michael Smith,2021-03-01
0022000140,official3,Brett Nansel,2021-03-01
0022000141,official1,Curtis Blair,2021-03-01
0022000141,official2,Gediminas Petraitis,2021-03-01
0022000141,official3,Haywoode Workman,2021-03-01
0022000142,official1,Zach Zarba,2021-03-01
0022000142,official2,Karl Lane,2021-03-01
0022000142,official3,Leroy Richardson,2021-03-01
0022000143,official1,Sean Corbin,2021-03-01
0022000143,official2,Jonathan Sterling,2021-03-01
0022000143,official3,Robert Hussey,2021-03-01
0022000144,official1,Tony Brown,2021-03-01
0022000144,official2,Natalie Sago,2021-03-01
0022000144,official3,Mousa Dagher,2021-03-01
0022000145,official1,Scott Foster,2021-03-01
0022000145,official2,Eric Dalen,2021-03-01
0022000145,official3,Suyash Mehta,2021-03-01
0022000146,official1,Rodney Mott,2021-03-01
0022000146,official2,Brian Forte,2021-03-01
0022000146,official3,John Conley,2021-03-01
0022000147,official1,Courtney Kirkland,2021-03-01
0022000147,official2,Matt Boland,2021-03-01
0022000147,official3,Ashley Moyer-Gleich,2021-03-01
0022000148,official1,James Williams,2021-03-01
0022000148,official2,Mark Ayotte,2021-03-01
0022000148,official3,Justin Van Duyne,2021-03-01
0022000149,official1,Tre Maddox,2021-03-01
0022000149,official2,Natalie Sago,2021-03-01
0022000149,official3,Jason Goldenberg,2021-03-01
0022000150,official1,Curtis Blair,2021-03-01
0022000150,official2,Gediminas Petraitis,2021-03-01
0022000150,official3,Derek Richardson,2021-03-01
0022000151,official1,James Capers,2021-03-01
0022000151,official2,Scott Wall,2021-03-01
0022000151,official3,Phenizee Ransom,2021-03-01
0022000152,official1,Ken Mauer,2021-03-01
0022000152,official2,Dedric Taylor,2021-03-01
0022000152,official3,John Butler,2021-03-01
0022000153,official1,Bill Kennedy,2021-03-01
0022000153,official2,Eric Dalen,2021-03-01
0022000153,official3,John Conley,2021-03-01
0022000154,official1,Sean Wright,2021-03-01
0022000154,official2,Scott Twardoski,2021-03-01
0022000154,official3,Brett Nansel,2021-03-01
0022000155,official1,Eric Lewis,2021-03-01
0022000155,official2,Nick Buchert,2021-03-01
0022000155,official3,Simone Jelks,2021-03-01
0022000156,official1,David Guthrie,2021-03-01
0022000156,official2,Michael Smith,2021-03-01
0022000156,official3,Justin Van Duyne,2021-03-01
0022000157,official1,Marc Davis,2021-03-01
0022000157,official2,JB DeRosa,2021-03-01
0022000157,official3,Haywoode Workman,2021-03-01
0022000158,official1,Scott Foster,2021-03-01
0022000158,official2,Sean Corbin,2021-03-01
0022000158,official3,Jonathan Sterling,2021-03-01
0022000159,official1,Zach Zarba,2021-03-01
0022000159,official2,Marat Kogut,2021-03-01
0022000159,official3,Matt Myers,2021-03-01
0022000160,official1,Kevin Scott,2021-03-01
0022000160,official2,Brandon Adair,2021-03-01
0022000160,official3,Ashley Moyer-Gleich,2021-03-01
0022000161,official1,Rodney Mott,2021-03-01
0022000161,official2,Ben Taylor,2021-03-01
0022000161,official3,Danielle Scott,2021-03-01
0022000162,official1,Ed Malloy,2021-03-01
0022000162,official2,Lauren Holtkamp,2021-03-01
0022000162,official3,Andy Nagy,2021-03-01
0022000163,official1,James Williams,2021-03-01
0022000163,official2,Brian Forte,2021-03-01
0022000163,official3,Jenna Schroeder,2021-03-01
0022000164,official1,Kevin Scott,2021-03-01
0022000164,official2,Dedric Taylor,2021-03-01
0022000164,official3,Phenizee Ransom,2021-03-01
0022000165,official1,Zach Zarba,2021-03-01
0022000165,official2,Marat Kogut,2021-03-01
0022000165,official3,Derek Richardson,2021-03-01
0022000166,official1,John Goble,2021-03-01
0022000166,official2,Tom Washington,2021-03-01
0022000166,official3,Brandon Adair,2021-03-01
0022000167,official1,Ken Mauer,2021-03-01
0022000167,official2,Natalie Sago,2021-03-01
0022000167,official3,Jason Goldenberg,2021-03-01
0022000168,official1,Tony Brothers,2021-03-01
0022000168,official2,Bill Kennedy,2021-03-01
0022000168,official3,Nate Green,2021-03-01
0022000169,official1,Tre Maddox,2021-03-01
0022000169,official2,Scott Wall,2021-03-01
0022000169,official3,Eric Dalen,2021-03-01
0022000170,official1,Curtis Blair,2021-03-01
0022000170,official2,Nick Buchert,2021-03-01
0022000170,official3,Brett Nansel,2021-03-01
0022000171,official1,David Guthrie,2021-03-01
0022000171,official2,Michael Smith,2021-03-01
0022000171,official3,Mitchell Ervin,2021-03-01
0022000172,official1,Eric Lewis,2021-03-01
0022000172,official2,James Williams,2021-03-01
0022000172,official3,Leroy Richardson,2021-03-01
0022000173,official1,Josh Tiven,2021-03-01
0022000173,official2,Leon Wood,2021-03-01
0022000173,official3,Simone Jelks,2021-03-01
0022000174,official1,Scott Foster,2021-03-01
0022000174,official2,Sean Corbin,2021-03-01
0022000174,official3,Ashley Moyer-Gleich,2021-03-01
0022000175,official1,John Goble,2021-03-01
0022000175,official2,Derrick Collins,2021-03-01
0022000175,official3,Danielle Scott,2021-03-01
0022000176,official1,Marc Davis,2021-03-01
0022000176,official2,Nick Buchert,2021-03-01
0022000176,official3,Evan Scott,2021-03-01
0022000177,official1,Ed Malloy,2021-03-01
0022000177,official2,Ben Taylor,2021-03-01
0022000177,official3,Justin Van Duyne,2021-03-01
0022000178,official1,Brian Forte,2021-03-01
0022000178,official2,Scott Twardoski,2021-03-01
0022000178,official3,Jenna Schroeder,2021-03-01
0022000179,official1,Zach Zarba,2021-03-01
0022000179,official2,Derek Richardson,2021-03-01
0022000179,official3,Jason Goldenberg,2021-03-01
0022000180,official1,Kevin Scott,2021-03-01
0022000180,official2,Brent Barnaky,2021-03-01
0022000180,official3,Natalie Sago,2021-03-01
0022000181,official1,Ken Mauer,2021-03-01
0022000181,official2,Eric Dalen,2021-03-01
0022000181,official3,Phenizee Ransom,2021-03-01
0022000182,official1,Tony Brothers,2021-03-01
0022000182,official2,Tom Washington,2021-03-01
0022000182,official3,Brandon Adair,2021-03-01
0022000183,official1,Tre Maddox,2021-03-01
0022000183,official2,Scott Wall,2021-03-01
0022000183,official3,Mousa Dagher,2021-03-01
0022000184,official1,Rodney Mott,2021-03-01
0022000184,official2,Marat Kogut,2021-03-01
0022000184,official3,Brett Nansel,2021-03-01
0022000185,official1,Eric Lewis,2021-03-01
0022000185,official2,Michael Smith,2021-03-01
0022000185,official3,Mitchell Ervin,2021-03-01
0022000186,official1,Ed Malloy,2021-03-01
0022000186,official2,James Williams,2021-03-01
0022000186,official3,Justin Van Duyne,2021-03-01
0022000187,official1,David Guthrie,2021-03-01
0022000187,official2,Tyler Ford,2021-03-01
0022000187,official3,Jacyn Goble,2021-03-01
0022000188,official1,Josh Tiven,2021-03-01
0022000188,official2,Leon Wood,2021-03-01
0022000188,official3,Simone Jelks,2021-03-01
0022000189,official1,Marc Davis,2021-03-01
0022000189,official2,Karl Lane,2021-03-01
0022000189,official3,Dannica Mosher,2021-03-01
0022000190,official1,Bill Kennedy,2021-03-01
0022000190,official2,Derek Richardson,2021-03-01
0022000190,official3,Phenizee Ransom,2021-03-01
0022000191,official1,John Goble,2021-03-01
0022000191,official2,Derrick Collins,2021-03-01
0022000191,official3,Suyash Mehta,2021-03-01
0022000192,official1,Tony Brown,2021-03-01
0022000192,official2,Sean Corbin,2021-03-01
0022000192,official3,Danielle Scott,2021-03-01
0022000193,official1,Courtney Kirkland,2021-03-01
0022000193,official2,Aaron Smith,2021-03-01
0022000193,official3,Andy Nagy,2021-03-01
0022000194,official1,Eric Lewis,2021-03-01
0022000194,official2,Ben Taylor,2021-03-01
0022000194,official3,Matt Kallio,2021-03-01
0022000195,official1,Brian Forte,2021-03-01
0022000195,official2,Scott Twardoski,2021-03-01
0022000195,official3,Evan Scott,2021-03-01
0022000196,official1,Sean Wright,2021-03-01
0022000196,official2,Brent Barnaky,2021-03-01
0022000196,official3,Nate Green,2021-03-01
0022000197,official1,Kevin Scott,2021-03-01
0022000197,official2,Natalie Sago,2021-03-01
0022000197,official3,Matt Myers,2021-03-01
0022000198,official1,Ed Malloy,2021-03-01
0022000198,official2,Matt Boland,2021-03-01
0022000198,official3,Brett Nansel,2021-03-01
0022000199,official1,Rodney Mott,2021-03-01
0022000199,official2,Marat Kogut,2021-03-01
0022000199,official3,Jason Goldenberg,2021-03-01
0022000200,official1,Tony Brothers,2021-03-01
0022000200,official2,Leon Wood,2021-03-01
0022000200,official3,Simone Jelks,2021-03-01
0022000201,official1,Brian Forte,2021-03-01
0022000201,official2,Mitchell Ervin,2021-03-01
0022000201,official3,Jenna Schroeder,2021-03-01
0022000202,official1,Josh Tiven,2021-03-01
0022000202,official2,Tyler Ford,2021-03-01
0022000202,official3,Jacyn Goble,2021-03-01
0022000203,official1,Sean Wright,2021-03-01
0022000203,official2,Brent Barnaky,2021-03-01
0022000203,official3,Matt Myers,2021-03-01
0022000204,official1,Courtney Kirkland,2021-03-01
0022000204,official2,Sean Corbin,2021-03-01
0022000204,official3,Nate Green,2021-03-01
0022000205,official1,Ed Malloy,2021-03-01
0022000205,official2,Karl Lane,2021-03-01
0022000205,official3,Suyash Mehta,2021-03-01
0022000206,official1,Tony Brown,2021-03-01
0022000206,official2,Tom Washington,2021-03-01
0022000206,official3,Natalie Sago,2021-03-01
0022000207,official1,James Capers,2021-03-01
0022000207,official2,Ben Taylor,2021-03-01
0022000207,official3,Matt Kallio,2021-03-01
0022000208,official1,Ken Mauer,2021-03-01
0022000208,official2,Michael Smith,2021-03-01
0022000208,official3,Matt Boland,2021-03-01
0022000209,official1,Marc Davis,2021-03-01
0022000209,official2,Derrick Collins,2021-03-01
0022000209,official3,JB DeRosa,2021-03-01
0022000210,official1,Kevin Scott,2021-03-01
0022000210,official2,Aaron Smith,2021-03-01
0022000210,official3,CJ Washington,2021-03-01
0022000211,official1,Bill Kennedy,2021-03-01
0022000211,official2,Scott Wall,2021-03-01
0022000211,official3,Brandon Adair,2021-03-01
0022000212,official1,Josh Tiven,2021-03-01
0022000212,official2,Gediminas Petraitis,2021-03-01
0022000212,official3,Jacyn Goble,2021-03-01
0022000213,official1,Tony Brothers,2021-03-01
0022000213,official2,Leon Wood,2021-03-01
0022000213,official3,Jason Goldenberg,2021-03-01
0022000214,official1,Eric Lewis,2021-03-01
0022000214,official2,Tyler Ford,2021-03-01
0022000214,official3,Evan Scott,2021-03-01
0022000215,official1,Tony Brown,2021-03-01
0022000215,official2,Matt Boland,2021-03-01
0022000215,official3,Dannica Mosher,2021-03-01
0022000216,official1,Sean Wright,2021-03-01
0022000216,official2,Aaron Smith,2021-03-01
0022000216,official3,Suyash Mehta,2021-03-01
0022000217,official1,Bill Kennedy,2021-03-01
0022000217,official2,Tom Washington,2021-03-01
0022000217,official3,JB DeRosa,2021-03-01
0022000218,official1,Courtney Kirkland,2021-03-01
0022000218,official2,Derrick Collins,2021-03-01
0022000218,official3,Derek Richardson,2021-03-01
0022000219,official1,Zach Zarba,2021-03-01
0022000219,official2,Kevin Cutler,2021-03-01
0022000219,official3,CJ Washington,2021-03-01
0022000220,official1,Kevin Scott,2021-03-01
0022000220,official2,Karl Lane,2021-03-01
0022000220,official3,Ray Acosta,2021-03-01
0022000221,official1,Ken Mauer,2021-03-01
0022000221,official2,Marat Kogut,2021-03-01
0022000221,official3,John Conley,2021-03-01
0022000222,official1,Josh Tiven,2021-03-01
0022000222,official2,Nick Buchert,2021-03-01
0022000222,official3,Leroy Richardson,2021-03-01
0022000223,official1,Ben Taylor,2021-03-01
0022000223,official2,Dedric Taylor,2021-03-01
0022000223,official3,Mitchell Ervin,2021-03-01
0022000224,official1,Curtis Blair,2021-03-01
0022000224,official2,Gediminas Petraitis,2021-03-01
0022000224,official3,Danielle Scott,2021-03-01
0022000225,official1,James Capers,2021-03-01
0022000225,official2,Jacyn Goble,2021-03-01
0022000225,official3,Matt Kallio,2021-03-01
0022000226,official1,Scott Foster,2021-03-01
0022000226,official2,James Williams,2021-03-01
0022000226,official3,Eric Dalen,2021-03-01
0022000227,official1,Tony Brown,2021-03-01
0022000227,official2,Tyler Ford,2021-03-01
0022000227,official3,Evan Scott,2021-03-01
0022000228,official1,Ben Taylor,2021-03-01
0022000228,official2,Dedric Taylor,2021-03-01
0022000228,official3,John Butler,2021-03-01
0022000229,official1,Tom Washington,2021-03-01
0022000229,official2,Michael Smith,2021-03-01
0022000229,official3,Dannica Mosher,2021-03-01
0022000230,official1,Bill Kennedy,2021-03-01
0022000230,official2,Marat Kogut,2021-03-01
0022000230,official3,Brandon Schwab,2021-03-01
0022000231,official1,Sean Corbin,2021-03-01
0022000231,official2,Matt Boland,2021-03-01
0022000231,official3,Suyash Mehta,2021-03-01
0022000232,official1,Sean Wright,2021-03-01
0022000232,official2,Scott Twardoski,2021-03-01
0022000232,official3,CJ Washington,2021-03-01
0022000233,official1,David Guthrie,2021-03-01
0022000233,official2,Derrick Collins,2021-03-01
0022000233,official3,Leroy Richardson,2021-03-01
0022000234,official1,Courtney Kirkland,2021-03-01
0022000234,official2,Kevin Cutler,2021-03-01
0022000234,official3,Ray Acosta,2021-03-01
0022000235,official1,James Williams,2021-03-01
0022000235,official2,Brent Barnaky,2021-03-01
0022000235,official3,Robert Hussey,2021-03-01
0022000236,official1,Ken Mauer,2021-03-01
0022000236,official2,Aaron Smith,2021-03-01
0022000236,official3,Andy Nagy,2021-03-01
0022000237,official1,Josh Tiven,2021-03-01
0022000237,official2,Derek Richardson,2021-03-01
0022000237,official3,John Conley,2021-03-01
0022000238,official1,James Capers,2021-03-01
0022000238,official2,Gediminas Petraitis,2021-03-01
0022000238,official3,Danielle Scott,2021-03-01
0022000239,official1,Eric Lewis,2021-03-01
0022000239,official2,Justin Van Duyne,2021-03-01
0022000239,official3,Matt Kallio,2021-03-01
0022000240,official1,Tony Brothers,2021-03-01
0022000240,official2,Mitchell Ervin,2021-03-01
0022000240,official3,Jason Goldenberg,2021-03-01
0022000241,official1,Tre Maddox,2021-03-01
0022000241,official2,Jacyn Goble,2021-03-01
0022000241,official3,John Butler,2021-03-01
0022000242,official1,Tony Brown,2021-03-01
0022000242,official2,Leon Wood,2021-03-01
0022000242,official3,Eric Dalen,2021-03-01
0022000243,official1,Bill Kennedy,2021-03-01
0022000243,official2,Marat Kogut,2021-03-01
0022000243,official3,Brandon Schwab,2021-03-01
0022000244,official1,Kane Fitzgerald,2021-03-01
0022000244,official2,JB DeRosa,2021-03-01
0022000244,official3,Nate Green,2021-03-01
0022000245,official1,Rodney Mott,2021-03-01
0022000245,official2,Brent Barnaky,2021-03-01
0022000245,official3,Simone Jelks,2021-03-01
0022000246,official1,Zach Zarba,2021-03-01
0022000246,official2,Aaron Smith,2021-03-01
0022000246,official3,Andy Nagy,2021-03-01
0022000247,official1,Curtis Blair,2021-03-01
0022000247,official2,Tyler Ford,2021-03-01
0022000247,official3,Mousa Dagher,2021-03-01
0022000248,official1,Scott Foster,2021-03-01
0022000248,official2,Dedric Taylor,2021-03-01
0022000248,official3,Danielle Scott,2021-03-01
0022000249,official1,Sean Corbin,2021-03-01
0022000249,official2,Matt Boland,2021-03-01
0022000249,official3,Robert Hussey,2021-03-01
0022000250,official1,Mark Ayotte,2021-03-01
0022000250,official2,Scott Wall,2021-03-01
0022000250,official3,Leroy Richardson,2021-03-01
0022000251,official1,James Capers,2021-03-01
0022000251,official2,Justin Van Duyne,2021-03-01
0022000251,official3,John Butler,2021-03-01
0022000252,official1,Courtney Kirkland,2021-03-01
0022000252,official2,Michael Smith,2021-03-01
0022000252,official3,Jenna Schroeder,2021-03-01
0022000253,official1,Josh Tiven,2021-03-01
0022000253,official2,Derek Richardson,2021-03-01
0022000253,official3,Dannica Mosher,2021-03-01
0022000254,official1,Ben Taylor,2021-03-01
0022000254,official2,Ray Acosta,2021-03-01
0022000254,official3,Brett Nansel,2021-03-01
0022000255,official1,Brian Forte,2021-03-01
0022000255,official2,Brandon Adair,2021-03-01
0022000255,official3,Nate Green,2021-03-01
0022000256,official1,Tony Brothers,2021-03-01
0022000256,official2,Gediminas Petraitis,2021-03-01
0022000256,official3,Jason Goldenberg,2021-03-01
0022000257,official1,Rodney Mott,2021-03-01
0022000257,official2,JB DeRosa,2021-03-01
0022000257,official3,Andy Nagy,2021-03-01
0022000258,official1,Kane Fitzgerald,2021-03-01
0022000258,official2,Dedric Taylor,2021-03-01
0022000258,official3,CJ Washington,2021-03-01
0022000259,official1,Sean Wright,2021-03-01
0022000259,official2,Natalie Sago,2021-03-01
0022000259,official3,Jenna Schroeder,2021-03-01
0022000260,official1,David Guthrie,2021-03-01
0022000260,official2,Marat Kogut,2021-03-01
0022000260,official3,Nate Green,2021-03-01
0022000261,official1,Tre Maddox,2021-03-01
0022000261,official2,Tyler Ford,2021-03-01
0022000261,official3,Matt Myers,2021-03-01
0022000262,official1,Curtis Blair,2021-03-01
0022000262,official2,Brent Barnaky,2021-03-01
0022000262,official3,Brett Nansel,2021-03-01
0022000264,official1,James Williams,2021-03-01
0022000264,official2,Eric Dalen,2021-03-01
0022000264,official3,Mousa Dagher,2021-03-01
0022000265,official1,Zach Zarba,2021-03-01
0022000265,official2,Aaron Smith,2021-03-01
0022000265,official3,Haywoode Workman,2021-03-01
0022000266,official1,Scott Foster,2021-03-01
0022000266,official2,Leon Wood,2021-03-01
0022000266,official3,Scott Twardoski,2021-03-01
0022000267,official1,Ed Malloy,2021-03-01
0022000267,official2,Gediminas Petraitis,2021-03-01
0022000267,official3,Brandon Schwab,2021-03-01
0022000268,official1,John Goble,2021-03-01
0022000268,official2,Sean Corbin,2021-03-01
0022000268,official3,Scott Wall,2021-03-01
0022000269,official1,James Capers,2021-03-01
0022000269,official2,Michael Smith,2021-03-01
0022000269,official3,Robert Hussey,2021-03-01
0022000270,official1,Marc Davis,2021-03-01
0022000270,official2,Brian Forte,2021-03-01
0022000270,official3,Derek Richardson,2021-03-01
0022000271,official1,Mark Ayotte,2021-03-01
0022000271,official2,JB DeRosa,2021-03-01
0022000271,official3,Brett Nansel,2021-03-01
0022000272,official1,James Williams,2021-03-01
0022000272,official2,Matt Boland,2021-03-01
0022000272,official3,Haywoode Workman,2021-03-01
0022000273,official1,Kane Fitzgerald,2021-03-01
0022000273,official2,Natalie Sago,2021-03-01
0022000273,official3,Mousa Dagher,2021-03-01
0022000274,official1,John Goble,2021-03-01
0022000274,official2,Marat Kogut,2021-03-01
0022000274,official3,John Conley,2021-03-01
0022000275,official1,Zach Zarba,2021-03-01
0022000275,official2,Dedric Taylor,2021-03-01
0022000275,official3,Jenna Schroeder,2021-03-01
0022000276,official1,David Guthrie,2021-03-01
0022000276,official2,Mitchell Ervin,2021-03-01
0022000276,official3,Ray Acosta,2021-03-01
0022000277,official1,Rodney Mott,2021-03-01
0022000277,official2,Karl Lane,2021-03-01
0022000277,official3,Evan Scott,2021-03-01
0022000279,official1,Curtis Blair,2021-03-01
0022000279,official2,Brandon Adair,2021-03-01
0022000279,official3,CJ Washington,2021-03-01
0022000280,official1,Kevin Scott,2021-03-01
0022000280,official2,Aaron Smith,2021-03-01
0022000280,official3,Nate Green,2021-03-01
0022000281,official1,Ed Malloy,2021-03-01
0022000281,official2,Leon Wood,2021-03-01
0022000281,official3,Brandon Schwab,2021-03-01
0022000282,official1,Marc Davis,2021-03-01
0022000282,official2,Gediminas Petraitis,2021-03-01
0022000282,official3,Phenizee Ransom,2021-03-01
0022000283,official1,Scott Foster,2021-03-01
0022000283,official2,Scott Twardoski,2021-03-01
0022000283,official3,Justin Van Duyne,2021-03-01
0022000284,official1,Brian Forte,2021-03-01
0022000284,official2,Eric Dalen,2021-03-01
0022000284,official3,Robert Hussey,2021-03-01
0022000285,official1,Zach Zarba,2021-03-01
0022000285,official2,Brent Barnaky,2021-03-01
0022000285,official3,Jenna Schroeder,2021-03-01
0022000286,official1,Ed Malloy,2021-03-01
0022000286,official2,Kevin Cutler,2021-03-01
0022000286,official3,Derek Richardson,2021-03-01
0022000287,official1,James Capers,2021-03-01
0022000287,official2,Sean Corbin,2021-03-01
0022000287,official3,Scott Wall,2021-03-01
0022000288,official1,David Guthrie,2021-03-01
0022000288,official2,Karl Lane,2021-03-01
0022000288,official3,Haywoode Workman,2021-03-01
0022000289,official1,James Williams,2021-03-01
0022000289,official2,Aaron Smith,2021-03-01
0022000289,official3,Simone Jelks,2021-03-01
0022000290,official1,Mark Ayotte,2021-03-01
0022000290,official2,Jacyn Goble,2021-03-01
0022000290,official3,Brett Nansel,2021-03-01
0022000291,official1,Bill Kennedy,2021-03-01
0022000291,official2,Ray Acosta,2021-03-01
0022000291,official3,Evan Scott,2021-03-01
0022000292,official1,Rodney Mott,2021-03-01
0022000292,official2,Mitchell Ervin,2021-03-01
0022000292,official3,Natalie Sago,2021-03-01
0022000293,official1,Marc Davis,2021-03-01
0022000293,official2,Michael Smith,2021-03-01
0022000293,official3,Nate Green,2021-03-01
0022000294,official1,Curtis Blair,2021-03-01
0022000294,official2,Brandon Adair,2021-03-01
0022000294,official3,Suyash Mehta,2021-03-01
0022000295,official1,Tony Brown,2021-03-01
0022000295,official2,Dedric Taylor,2021-03-01
0022000295,official3,Andy Nagy,2021-03-01
0022000296,official1,Kevin Scott,2021-03-01
0022000296,official2,JB DeRosa,2021-03-01
0022000296,official3,Justin Van Duyne,2021-03-01
0022000297,official1,Scott Foster,2021-03-01
0022000297,official2,Tom Washington,2021-03-01
0022000297,official3,Phenizee Ransom,2021-03-01
0022000298,official1,John Goble,2021-03-01
0022000298,official2,Eric Dalen,2021-03-01
0022000298,official3,Dannica Mosher,2021-03-01
0022000299,official1,David Guthrie,2021-03-01
0022000299,official2,Sean Corbin,2021-03-01
0022000299,official3,Karl Lane,2021-03-01
0022000300,official1,Marc Davis,2021-03-01
0022000300,official2,Matt Boland,2021-03-01
0022000300,official3,Nate Green,2021-03-01
0022000301,official1,Tony Brothers,2021-03-01
0022000301,official2,Brent Barnaky,2021-03-01
0022000301,official3,Robert Hussey,2021-03-01
0022000302,official1,Josh Tiven,2021-03-01
0022000302,official2,Brian Forte,2021-03-01
0022000302,official3,Jason Goldenberg,2021-03-01
0022000303,official1,James Capers,2021-03-01
0022000303,official2,Ben Taylor,2021-03-01
0022000303,official3,John Conley,2021-03-01
0022000304,official1,Courtney Kirkland,2021-03-01
0022000304,official2,JB DeRosa,2021-03-01
0022000304,official3,Justin Van Duyne,2021-03-01
0022000305,official1,Ed Malloy,2021-03-01
0022000305,official2,Kevin Cutler,2021-03-01
0022000305,official3,Brandon Schwab,2021-03-01
0022000306,official1,Tony Brown,2021-03-01
0022000306,official2,Derrick Collins,2021-03-01
0022000306,official3,Brett Nansel,2021-03-01
0022000307,official1,Michael Smith,2021-03-01
0022000307,official2,Ray Acosta,2021-03-01
0022000307,official3,Phenizee Ransom,2021-03-01
0022000308,official1,Bill Kennedy,2021-03-01
0022000308,official2,Scott Wall,2021-03-01
0022000308,official3,CJ Washington,2021-03-01
0022000309,official1,Zach Zarba,2021-03-01
0022000309,official2,Dedric Taylor,2021-03-01
0022000309,official3,Matt Kallio,2021-03-01
0022000310,official1,Gediminas Petraitis,2021-03-01
0022000310,official2,Jacyn Goble,2021-03-01
0022000310,official3,Evan Scott,2021-03-01
0022000311,official1,Rodney Mott,2021-03-01
0022000311,official2,Curtis Blair,2021-03-01
0022000311,official3,John Butler,2021-03-01
0022000312,official1,Josh Tiven,2021-03-01
0022000312,official2,Brian Forte,2021-03-01
0022000312,official3,Dannica Mosher,2021-03-01
0022000313,official1,David Guthrie,2021-03-01
0022000313,official2,Mitchell Ervin,2021-03-01
0022000313,official3,Mousa Dagher,2021-03-01
0022000314,official1,Tony Brothers,2021-03-01
0022000314,official2,James Williams,2021-03-01
0022000314,official3,Simone Jelks,2021-03-01
0022000315,official1,John Goble,2021-03-01
0022000315,official2,Eric Dalen,2021-03-01
0022000315,official3,Jason Goldenberg,2021-03-01
0022000316,official1,Kevin Scott,2021-03-01
0022000316,official2,Karl Lane,2021-03-01
0022000316,official3,Danielle Scott,2021-03-01
0022000317,official1,James Capers,2021-03-01
0022000317,official2,Matt Boland,2021-03-01
0022000317,official3,John Conley,2021-03-01
0022000318,official1,Mark Ayotte,2021-03-01
0022000318,official2,Kevin Cutler,2021-03-01
0022000318,official3,Andy Nagy,2021-03-01
0022000319,official1,Courtney Kirkland,2021-03-01
0022000319,official2,Sean Corbin,2021-03-01
0022000319,official3,Leroy Richardson,2021-03-01
0022000320,official1,Marc Davis,2021-03-01
0022000320,official2,Marat Kogut,2021-03-01
0022000320,official3,Brandon Schwab,2021-03-01
0022000321,official1,Tom Washington,2021-03-01
0022000321,official2,Justin Van Duyne,2021-03-01
0022000321,official3,Brett Nansel,2021-03-01
0022000322,official1,Rodney Mott,2021-03-01
0022000322,official2,Ben Taylor,2021-03-01
0022000322,official3,Evan Scott,2021-03-01
0022000323,official1,Michael Smith,2021-03-01
0022000323,official2,Gediminas Petraitis,2021-03-01
0022000323,official3,Matt Kallio,2021-03-01
0022000324,official1,Bill Kennedy,2021-03-01
0022000324,official2,Jacyn Goble,2021-03-01
0022000324,official3,Brandon Adair,2021-03-01
0022000325,official1,Ed Malloy,2021-03-01
0022000325,official2,Leon Wood,2021-03-01
0022000325,official3,John Butler,2021-03-01
0022000326,official1,Tony Brown,2021-03-01
0022000326,official2,Derrick Collins,2021-03-01
0022000326,official3,JB DeRosa,2021-03-01
0022000559,official1,Kane Fitzgerald,2021-03-01
0022000559,official2,Dedric Taylor,2021-03-01
0022000559,official3,CJ Washington,2021-03-01
0022000327,official1,Tony Brothers,2021-03-01
0022000327,official2,Eric Dalen,2021-03-01
0022000327,official3,Brandon Schwab,2021-03-01
0022000328,official1,Josh Tiven,2021-03-01
0022000328,official2,Brian Forte,2021-03-01
0022000328,official3,Dannica Mosher,2021-03-01
0022000329,official1,James Capers,2021-03-01
0022000329,official2,Karl Lane,2021-03-01
0022000329,official3,Andy Nagy,2021-03-01
0022000330,official1,David Guthrie,2021-03-01
0022000330,official2,Lauren Holtkamp,2021-03-01
0022000330,official3,Bennie Adams,2021-03-01
0022000331,official1,Eric Lewis,2021-03-01
0022000331,official2,Matt Boland,2021-03-01
0022000331,official3,Simone Jelks,2021-03-01
0022000332,official1,Kevin Scott,2021-03-01
0022000332,official2,Mitchell Ervin,2021-03-01
0022000332,official3,Leroy Richardson,2021-03-01
0022000333,official1,Courtney Kirkland,2021-03-01
0022000333,official2,Kevin Cutler,2021-03-01
0022000333,official3,Danielle Scott,2021-03-01
0022000334,official1,Marc Davis,2021-03-01
0022000334,official2,Jonathan Sterling,2021-03-01
0022000334,official3,John Conley,2021-03-01
0022000335,official1,John Goble,2021-03-01
0022000335,official2,Tom Washington,2021-03-01
0022000335,official3,Jason Goldenberg,2021-03-01
0022000336,official1,Derrick Collins,2021-03-01
0022000336,official2,Mark Ayotte,2021-03-01
0022000336,official3,Justin Van Duyne,2021-03-01
0022000337,official1,Tre Maddox,2021-03-01
0022000337,official2,Dedric Taylor,2021-03-01
0022000337,official3,Mousa Dagher,2021-03-01
0022000338,official1,Bill Kennedy,2021-03-01
0022000338,official2,James Williams,2021-03-01
0022000338,official3,Jenna Schroeder,2021-03-01
0022000339,official1,Ken Mauer,2021-03-01
0022000339,official2,Gediminas Petraitis,2021-03-01
0022000339,official3,Suyash Mehta,2021-03-01
0022000340,official1,Rodney Mott,2021-03-01
0022000340,official2,Ben Taylor,2021-03-01
0022000340,official3,John Butler,2021-03-01
0022000341,official1,Tony Brown,2021-03-01
0022000341,official2,Marat Kogut,2021-03-01
0022000341,official3,JB DeRosa,2021-03-01
0022000342,official1,Kevin Scott,2021-03-01
0022000342,official2,Tom Washington,2021-03-01
0022000342,official3,Brandon Schwab,2021-03-01
0022000343,official1,Scott Foster,2021-03-01
0022000343,official2,Leon Wood,2021-03-01
0022000343,official3,John Conley,2021-03-01
0022000344,official1,Eric Lewis,2021-03-01
0022000344,official2,Jacyn Goble,2021-03-01
0022000344,official3,Evan Scott,2021-03-01
0022000345,official1,Josh Tiven,2021-03-01
0022000345,official2,Karl Lane,2021-03-01
0022000345,official3,Natalie Sago,2021-03-01
0022000346,official1,Tony Brothers,2021-03-01
0022000346,official2,Kevin Cutler,2021-03-01
0022000346,official3,Bennie Adams,2021-03-01
0022000347,official1,Brian Forte,2021-03-01
0022000347,official2,Lauren Holtkamp,2021-03-01
0022000347,official3,Ashley Moyer-Gleich,2021-03-01
0022000348,official1,John Goble,2021-03-01
0022000348,official2,Aaron Smith,2021-03-01
0022000348,official3,Dannica Mosher,2021-03-01
0022000349,official1,Courtney Kirkland,2021-03-01
0022000349,official2,Ray Acosta,2021-03-01
0022000349,official3,Matt Myers,2021-03-01
0022000350,official1,Kane Fitzgerald,2021-03-01
0022000350,official2,Derrick Collins,2021-03-01
0022000350,official3,Justin Van Duyne,2021-03-01
0022000351,official1,Sean Corbin,2021-03-01
0022000351,official2,Eric Dalen,2021-03-01
0022000351,official3,Phenizee Ransom,2021-03-01
0022000352,official1,Ken Mauer,2021-03-01
0022000352,official2,Scott Wall,2021-03-01
0022000352,official3,Matt Kallio,2021-03-01
0022000353,official1,Marc Davis,2021-03-01
0022000353,official2,Jacyn Goble,2021-03-01
0022000353,official3,Evan Scott,2021-03-01
0022000354,official1,Tre Maddox,2021-03-01
0022000354,official2,Karl Lane,2021-03-01
0022000354,official3,Nate Green,2021-03-01
0022000355,official1,Bill Kennedy,2021-03-01
0022000355,official2,Brent Barnaky,2021-03-01
0022000355,official3,Robert Hussey,2021-03-01
0022000356,official1,James Williams,2021-03-01
0022000356,official2,Dedric Taylor,2021-03-01
0022000356,official3,Jenna Schroeder,2021-03-01
0022000357,official1,Ben Taylor,2021-03-01
0022000357,official2,Kevin Cutler,2021-03-01
0022000357,official3,Andy Nagy,2021-03-01
0022000358,official1,David Guthrie,2021-03-01
0022000358,official2,Mitchell Ervin,2021-03-01
0022000358,official3,Suyash Mehta,2021-03-01
0022000359,official1,John Goble,2021-03-01
0022000359,official2,Aaron Smith,2021-03-01
0022000359,official3,John Butler,2021-03-01
0022000360,official1,Zach Zarba,2021-03-01
0022000360,official2,Gediminas Petraitis,2021-03-01
0022000360,official3,Jason Goldenberg,2021-03-01
0022000361,official1,Tony Brown,2021-03-01
0022000361,official2,Marat Kogut,2021-03-01
0022000361,official3,Jonathan Sterling,2021-03-01
0022000215,official1,Josh Tiven,2021-03-01
0022000215,official2,Tom Washington,2021-03-01
0022000215,official3,Dannica Mosher,2021-03-01
0022000363,official1,Scott Foster,2021-03-01
0022000363,official2,Leon Wood,2021-03-01
0022000363,official3,Bennie Adams,2021-03-01
0022000364,official1,Tony Brothers,2021-03-01
0022000364,official2,Curtis Blair,2021-03-01
0022000364,official3,Natalie Sago,2021-03-01
0022000365,official1,Courtney Kirkland,2021-03-01
0022000365,official2,Ray Acosta,2021-03-01
0022000365,official3,Matt Myers,2021-03-01
0022000366,official1,Kane Fitzgerald,2021-03-01
0022000366,official2,Derrick Collins,2021-03-01
0022000366,official3,Danielle Scott,2021-03-01
0022000367,official1,Marc Davis,2021-03-01
0022000367,official2,Brent Barnaky,2021-03-01
0022000367,official3,Nate Green,2021-03-01
0022000368,official1,Tre Maddox,2021-03-01
0022000368,official2,Ben Taylor,2021-03-01
0022000368,official3,Andy Nagy,2021-03-01
0022000369,official1,Josh Tiven,2021-03-01
0022000369,official2,Kevin Cutler,2021-03-01
0022000369,official3,Brett Nansel,2021-03-01
0022000370,official1,Ed Malloy,2021-03-01
0022000370,official2,Karl Lane,2021-03-01
0022000370,official3,Jason Goldenberg,2021-03-01
0022000371,official1,Bill Kennedy,2021-03-01
0022000371,official2,Mitchell Ervin,2021-03-01
0022000371,official3,Jenna Schroeder,2021-03-01
0022000372,official1,Eric Lewis,2021-03-01
0022000372,official2,Marat Kogut,2021-03-01
0022000372,official3,Jonathan Sterling,2021-03-01
0022000373,official1,Sean Wright,2021-03-01
0022000373,official2,Gediminas Petraitis,2021-03-01
0022000373,official3,Danielle Scott,2021-03-01
0022000374,official1,Kane Fitzgerald,2021-03-01
0022000374,official2,Scott Wall,2021-03-01
0022000374,official3,Matt Myers,2021-03-01
0022000375,official1,Sean Corbin,2021-03-01
0022000375,official2,Leon Wood,2021-03-01
0022000375,official3,Robert Hussey,2021-03-01
0022000376,official1,Tom Washington,2021-03-01
0022000376,official2,Lauren Holtkamp,2021-03-01
0022000376,official3,Evan Scott,2021-03-01
0022000377,official1,Zach Zarba,2021-03-01
0022000377,official2,Aaron Smith,2021-03-01
0022000377,official3,Natalie Sago,2021-03-01
0022000378,official1,Tony Brothers,2021-03-01
0022000378,official2,Mitchell Ervin,2021-03-01
0022000378,official3,Dannica Mosher,2021-03-01
0022000379,official1,Tony Brown,2021-03-01
0022000379,official2,Mark Ayotte,2021-03-01
0022000379,official3,Leroy Richardson,2021-03-01
0022000380,official1,Ken Mauer,2021-03-01
0022000380,official2,Ray Acosta,2021-03-01
0022000380,official3,Matt Kallio,2021-03-01
0022000381,official1,Courtney Kirkland,2021-03-01
0022000381,official2,Michael Smith,2021-03-01
0022000381,official3,CJ Washington,2021-03-01
0022000382,official1,Ed Malloy,2021-03-01
0022000382,official2,Brent Barnaky,2021-03-01
0022000382,official3,Jason Goldenberg,2021-03-01
0022000383,official1,Curtis Blair,2021-03-01
0022000383,official2,Gediminas Petraitis,2021-03-01
0022000383,official3,Brett Nansel,2021-03-01
0022000384,official1,Josh Tiven,2021-03-01
0022000384,official2,Sean Wright,2021-03-01
0022000384,official3,Brandon Adair,2021-03-01
0022000385,official1,Tre Maddox,2021-03-01
0022000385,official2,Karl Lane,2021-03-01
0022000385,official3,Haywoode Workman,2021-03-01
0022000386,official1,Scott Foster,2021-03-01
0022000386,official2,Derek Richardson,2021-03-01
0022000386,official3,Jenna Schroeder,2021-03-01
0022000387,official1,Rodney Mott,2021-03-01
0022000387,official2,Marat Kogut,2021-03-01
0022000387,official3,Nate Green,2021-03-01
0022000388,official1,Bill Kennedy,2021-03-01
0022000388,official2,Kevin Cutler,2021-03-01
0022000388,official3,Danielle Scott,2021-03-01
0022000389,official1,Eric Lewis,2021-03-01
0022000389,official2,Derrick Collins,2021-03-01
0022000389,official3,Jonathan Sterling,2021-03-01
0022000390,official1,Kane Fitzgerald,2021-03-01
0022000390,official2,Scott Wall,2021-03-01
0022000390,official3,Matt Myers,2021-03-01
0022000391,official1,Kevin Scott,2021-03-01
0022000391,official2,Lauren Holtkamp,2021-03-01
0022000391,official3,Robert Hussey,2021-03-01
0022000392,official1,Tony Brothers,2021-03-01
0022000392,official2,Aaron Smith,2021-03-01
0022000392,official3,Evan Scott,2021-03-01
0022000393,official1,Courtney Kirkland,2021-03-01
0022000393,official2,Michael Smith,2021-03-01
0022000393,official3,CJ Washington,2021-03-01
0022000394,official1,Ken Mauer,2021-03-01
0022000394,official2,Mark Ayotte,2021-03-01
0022000394,official3,Ray Acosta,2021-03-01
0022000398,official1,Zach Zarba,2021-03-01
0022000398,official2,JB DeRosa,2021-03-01
0022000398,official3,Ashley Moyer-Gleich,2021-03-01
0022000395,official1,Sean Wright,2021-03-01
0022000395,official2,Brandon Adair,2021-03-01
0022000395,official3,Jenna Schroeder,2021-03-01
0022000396,official1,Ed Malloy,2021-03-01
0022000396,official2,Eric Dalen,2021-03-01
0022000396,official3,Phenizee Ransom,2021-03-01
0022000397,official1,Curtis Blair,2021-03-01
0022000397,official2,Gediminas Petraitis,2021-03-01
0022000397,official3,Derek Richardson,2021-03-01
0022000399,official1,Scott Foster,2021-03-01
0022000399,official2,Scott Wall,2021-03-01
0022000399,official3,Justin Van Duyne,2021-03-01
0022000400,official1,Rodney Mott,2021-03-01
0022000400,official2,Nick Buchert,2021-03-01
0022000400,official3,John Conley,2021-03-01
0022000401,official1,James Williams,2021-03-01
0022000401,official2,Jacyn Goble,2021-03-01
0022000401,official3,Nate Green,2021-03-01
0022000402,official1,Bill Kennedy,2021-03-01
0022000402,official2,Brian Forte,2021-03-01
0022000402,official3,Jonathan Sterling,2021-03-01
0022000403,official1,Eric Lewis,2021-03-01
0022000403,official2,Dedric Taylor,2021-03-01
0022000403,official3,Leroy Richardson,2021-03-01
0022000404,official1,James Capers,2021-03-01
0022000404,official2,Mark Ayotte,2021-03-01
0022000404,official3,Matt Myers,2021-03-01
0022000405,official1,Derrick Collins,2021-03-01
0022000405,official2,Brent Barnaky,2021-03-01
0022000405,official3,Mousa Dagher,2021-03-01
0022000412,official1,Zach Zarba,2021-03-01
0022000412,official2,JB DeRosa,2021-03-01
0022000412,official3,Suyash Mehta,2021-03-01
0022000406,official1,Ken Mauer,2021-03-01
0022000406,official2,Aaron Smith,2021-03-01
0022000406,official3,CJ Washington,2021-03-01
0022000407,official1,Curtis Blair,2021-03-01
0022000407,official2,Gediminas Petraitis,2021-03-01
0022000407,official3,Ashley Moyer-Gleich,2021-03-01
0022000408,official1,Tre Maddox,2021-03-01
0022000408,official2,Scott Twardoski,2021-03-01
0022000408,official3,Haywoode Workman,2021-03-01
0022000409,official1,John Goble,2021-03-01
0022000409,official2,Michael Smith,2021-03-01
0022000409,official3,Ray Acosta,2021-03-01
0022000410,official1,Courtney Kirkland,2021-03-01
0022000410,official2,Brian Forte,2021-03-01
0022000410,official3,Jonathan Sterling,2021-03-01
0022000411,official1,Scott Foster,2021-03-01
0022000411,official2,Scott Wall,2021-03-01
0022000411,official3,John Butler,2021-03-01
0022000413,official1,Ben Taylor,2021-03-01
0022000413,official2,Justin Van Duyne,2021-03-01
0022000413,official3,Suyash Mehta,2021-03-01
0022000414,official1,Sean Wright,2021-03-01
0022000414,official2,Brandon Adair,2021-03-01
0022000414,official3,Robert Hussey,2021-03-01
0022000415,official1,Derrick Collins,2021-03-01
0022000415,official2,JB DeRosa,2021-03-01
0022000415,official3,Jenna Schroeder,2021-03-01
0022000416,official1,James Williams,2021-03-01
0022000416,official2,Mark Ayotte,2021-03-01
0022000416,official3,Jacyn Goble,2021-03-01
0022000417,official1,James Capers,2021-03-01
0022000417,official2,Nick Buchert,2021-03-01
0022000417,official3,CJ Washington,2021-03-01
0022000418,official1,Kevin Scott,2021-03-01
0022000418,official2,Brent Barnaky,2021-03-01
0022000418,official3,Matt Myers,2021-03-01
0022000419,official1,Eric Lewis,2021-03-01
0022000419,official2,Dedric Taylor,2021-03-01
0022000419,official3,Leroy Richardson,2021-03-01
0022000560,official1,Tony Brothers,2021-03-01
0022000560,official2,Eric Dalen,2021-03-01
0022000560,official3,John Conley,2021-03-01
0022000561,official1,Ed Malloy,2021-03-01
0022000561,official2,Derek Richardson,2021-03-01
0022000561,official3,Andy Nagy,2021-03-01
0022000420,official1,Tony Brown,2021-03-01
0022000420,official2,Brian Forte,2021-03-01
0022000420,official3,Dannica Mosher,2021-03-01
0022000421,official1,Marc Davis,2021-03-01
0022000421,official2,Mitchell Ervin,2021-03-01
0022000421,official3,Brandon Schwab,2021-03-01
0022000422,official1,Rodney Mott,2021-03-01
0022000422,official2,Lauren Holtkamp,2021-03-01
0022000422,official3,Brett Nansel,2021-03-01
0022000423,official1,John Goble,2021-03-01
0022000423,official2,Michael Smith,2021-03-01
0022000423,official3,Simone Jelks,2021-03-01
0022000424,official1,Kevin Scott,2021-03-01
0022000424,official2,Brent Barnaky,2021-03-01
0022000424,official3,Jonathan Sterling,2021-03-01
0022000425,official1,Ken Mauer,2021-03-01
0022000425,official2,Dedric Taylor,2021-03-01
0022000425,official3,Nate Green,2021-03-01
0022000426,official1,Tre Maddox,2021-03-01
0022000426,official2,Aaron Smith,2021-03-01
0022000426,official3,Mousa Dagher,2021-03-01
0022000427,official1,Derek Richardson,2021-03-01
0022000427,official2,Ed Malloy,2021-03-01
0022000427,official3,Gediminas Petraitis,2021-03-01
0022000428,official1,Tom Washington,2021-03-01
0022000428,official2,Scott Twardoski,2021-03-01
0022000428,official3,Haywoode Workman,2021-03-01
0022000429,official1,Eric Lewis,2021-03-01
0022000429,official2,CJ Washington,2021-03-01
0022000429,official3,Evan Scott,2021-03-01
0022000430,official1,Scott Foster,2021-03-01
0022000430,official2,Eric Dalen,2021-03-01
0022000430,official3,Robert Hussey,2021-03-01
0022000431,official1,Sean Corbin,2021-03-01
0022000431,official2,Scott Wall,2021-03-01
0022000431,official3,Andy Nagy,2021-03-01
0022000432,official1,Sean Wright,2021-03-01
0022000432,official2,Natalie Sago,2021-03-01
0022000432,official3,Leroy Richardson,2021-03-01
0022000433,official1,James Capers,2021-03-01
0022000433,official2,Kevin Cutler,2021-03-01
0022000433,official3,Ray Acosta,2021-03-01
0022000436,official1,David Guthrie,2021-03-01
0022000436,official2,Lauren Holtkamp,2021-03-01
0022000436,official3,John Conley,2021-03-01
0022000437,official1,Marc Davis,2021-03-01
0022000437,official2,JB DeRosa,2021-03-01
0022000437,official3,Dannica Mosher,2021-03-01
0022000438,official1,Brian Forte,2021-03-01
0022000438,official2,Gediminas Petraitis,2021-03-01
0022000438,official3,Derek Richardson,2021-03-01
0022000439,official1,Kane Fitzgerald,2021-03-01
0022000439,official2,Karl Lane,2021-03-01
0022000439,official3,Ashley Moyer-Gleich,2021-03-01
0022000440,official1,Mark Ayotte,2021-03-01
0022000440,official2,Aaron Smith,2021-03-01
0022000440,official3,Simone Jelks,2021-03-01
0022000441,official1,Tony Brown,2021-03-01
0022000441,official2,Dedric Taylor,2021-03-01
0022000441,official3,Nate Green,2021-03-01
0022000443,official1,Kevin Scott,2021-03-01
0022000443,official2,Nick Buchert,2021-03-01
0022000443,official3,Jason Goldenberg,2021-03-01
0022000444,official1,Ken Mauer,2021-03-01
0022000444,official2,James Williams,2021-03-01
0022000444,official3,Brent Barnaky,2021-03-01
0022000562,official1,Eric Lewis,2021-03-01
0022000562,official2,Jacyn Goble,2021-03-01
0022000562,official3,Evan Scott,2021-03-01
0022000564,official1,Ben Taylor,2021-03-01
0022000564,official2,Mitchell Ervin,2021-03-01
0022000564,official3,Brett Nansel,2021-03-01
0022000445,official1,Scott Foster,2021-03-01
0022000445,official2,Tom Washington,2021-03-01
0022000445,official3,Scott Wall,2021-03-01
0022000446,official1,John Goble,2021-03-01
0022000446,official2,Kevin Cutler,2021-03-01
0022000446,official3,Eric Dalen,2021-03-01
0022000447,official1,James Capers,2021-03-01
0022000447,official2,Sean Corbin,2021-03-01
0022000447,official3,Andy Nagy,2021-03-01
0022000449,official1,Tony Brown,2021-03-01
0022000449,official2,Matt Boland,2021-03-01
0022000449,official3,Brett Nansel,2021-03-01
0022000450,official1,Kane Fitzgerald,2021-03-01
0022000450,official2,Marat Kogut,2021-03-01
0022000450,official3,JB DeRosa,2021-03-01
0022000451,official1,Brian Forte,2021-03-01
0022000451,official2,Karl Lane,2021-03-01
0022000451,official3,Leroy Richardson,2021-03-01
0022000452,official1,Ken Mauer,2021-03-01
0022000452,official2,Dedric Taylor,2021-03-01
0022000452,official3,Dannica Mosher,2021-03-01
0022000453,official1,Rodney Mott,2021-03-01
0022000453,official2,Natalie Sago,2021-03-01
0022000453,official3,Haywoode Workman,2021-03-01
0022000454,official1,Mark Ayotte,2021-03-01
0022000454,official2,Nick Buchert,2021-03-01
0022000454,official3,Simone Jelks,2021-03-01
0022000455,official1,Josh Tiven,2021-03-01
0022000455,official2,Curtis Blair,2021-03-01
0022000455,official3,Jenna Schroeder,2021-03-01
0022000457,official1,Kevin Scott,2021-03-01
0022000457,official2,James Williams,2021-03-01
0022000457,official3,Jason Goldenberg,2021-03-01
0022000563,official1,Ben Taylor,2021-03-01
0022000563,official2,Mitchell Ervin,2021-03-01
0022000563,official3,Phenizee Ransom,2021-03-01
0022000459,official1,Marc Davis,2021-03-01
0022000459,official2,Mark Lindsay,2021-03-01
0022000459,official3,John Conley,2021-03-01
0022000460,official1,Scott Foster,2021-03-01
0022000460,official2,Scott Wall,2021-03-01
0022000460,official3,Brandon Schwab,2021-03-01
0022000462,official1,Tom Washington,2021-03-01
0022000462,official2,Dedric Taylor,2021-03-01
0022000462,official3,Suyash Mehta,2021-03-01
0022000463,official1,James Capers,2021-03-01
0022000463,official2,James Williams,2021-03-01
0022000463,official3,Eric Dalen,2021-03-01
0022000464,official1,John Goble,2021-03-01
0022000464,official2,Kevin Cutler,2021-03-01
0022000464,official3,Andy Nagy,2021-03-01
0022000465,official1,Josh Tiven,2021-03-01
0022000465,official2,Mark Ayotte,2021-03-01
0022000465,official3,JB DeRosa,2021-03-01
0022000466,official1,Brian Forte,2021-03-01
0022000466,official2,Marat Kogut,2021-03-01
0022000466,official3,Mousa Dagher,2021-03-01
0022000467,official1,Curtis Blair,2021-03-01
0022000467,official2,Karl Lane,2021-03-01
0022000467,official3,Brett Nansel,2021-03-01
0022000468,official1,Tony Brown,2021-03-01
0022000468,official2,Nick Buchert,2021-03-01
0022000468,official3,Haywoode Workman,2021-03-01
0022000469,official1,Ben Taylor,2021-03-01
0022000469,official2,Jacyn Goble,2021-03-01
0022000469,official3,Ashley Moyer-Gleich,2021-03-01
0022000470,official1,Ken Mauer,2021-03-01
0022000470,official2,Matt Boland,2021-03-01
0022000470,official3,Leroy Richardson,2021-03-01
0022000471,official1,Kane Fitzgerald,2021-03-01
0022000471,official2,Mitchell Ervin,2021-03-01
0022000471,official3,Natalie Sago,2021-03-01
0022000472,official1,Tre Maddox,2021-03-01
0022000472,official2,Sean Corbin,2021-03-01
0022000472,official3,Jason Goldenberg,2021-03-01
0022000474,official1,Kevin Scott,2021-03-01
0022000474,official2,Dedric Taylor,2021-03-01
0022000474,official3,Evan Scott,2021-03-01
0022000475,official1,Tom Washington,2021-03-01
0022000475,official2,Brent Barnaky,2021-03-01
0022000475,official3,Ray Acosta,2021-03-01
0022000476,official1,John Goble,2021-03-01
0022000476,official2,Sean Wright,2021-03-01
0022000476,official3,Phenizee Ransom,2021-03-01
0022000477,official1,David Guthrie,2021-03-01
0022000477,official2,James Williams,2021-03-01
0022000477,official3,Eric Dalen,2021-03-01
0022000478,official1,Rodney Mott,2021-03-01
0022000478,official2,Tyler Ford,2021-03-01
0022000478,official3,Matt Kallio,2021-03-01
0022000479,official1,James Capers,2021-03-01
0022000479,official2,Scott Twardoski,2021-03-01
0022000479,official3,Jason Goldenberg,2021-03-01
0022000480,official1,Marc Davis,2021-03-01
0022000480,official2,JB DeRosa,2021-03-01
0022000480,official3,John Butler,2021-03-01
0022000481,official1,Curtis Blair,2021-03-01
0022000481,official2,Karl Lane,2021-03-01
0022000481,official3,Derek Richardson,2021-03-01
0022000482,official1,Eric Lewis,2021-03-01
0022000482,official2,Brian Forte,2021-03-01
0022000482,official3,Ashley Moyer-Gleich,2021-03-01
0022000483,official1,Josh Tiven,2021-03-01
0022000483,official2,Mitchell Ervin,2021-03-01
0022000483,official3,CJ Washington,2021-03-01
0022000484,official1,Tony Brown,2021-03-01
0022000484,official2,Aaron Smith,2021-03-01
0022000484,official3,Lauren Holtkamp,2021-03-01
0022000485,official1,John Goble,2021-03-01
0022000485,official2,Sean Wright,2021-03-01
0022000485,official3,Jonathan Sterling,2021-03-01
0022000486,official1,Derrick Collins,2021-03-01
0022000486,official2,Matt Boland,2021-03-01
0022000486,official3,Mousa Dagher,2021-03-01
0022000487,official1,Tre Maddox,2021-03-01
0022000487,official2,Mark Ayotte,2021-03-01
0022000487,official3,Justin Van Duyne,2021-03-01
0022000488,official1,Sean Corbin,2021-03-01
0022000488,official2,Kevin Cutler,2021-03-01
0022000488,official3,Andy Nagy,2021-03-01
0022000489,official1,Tony Brothers,2021-03-01
0022000489,official2,Natalie Sago,2021-03-01
0022000489,official3,Matt Myers,2021-03-01
0022000490,official1,Kevin Scott,2021-03-01
0022000490,official2,Eric Dalen,2021-03-01
0022000490,official3,Phenizee Ransom,2021-03-01
0022000491,official1,Marc Davis,2021-03-01
0022000491,official2,JB DeRosa,2021-03-01
0022000491,official3,Matt Kallio,2021-03-01
0022000492,official1,Kane Fitzgerald,2021-03-01
0022000492,official2,Gediminas Petraitis,2021-03-01
0022000492,official3,Brett Nansel,2021-03-01
0022000493,official1,James Capers,2021-03-01
0022000493,official2,Marat Kogut,2021-03-01
0022000493,official3,John Conley,2021-03-01
0022000494,official1,Bill Kennedy,2021-03-01
0022000494,official2,Dedric Taylor,2021-03-01
0022000494,official3,Bennie Adams,2021-03-01
0022000495,official1,Zach Zarba,2021-03-01
0022000495,official2,Jacyn Goble,2021-03-01
0022000495,official3,Ray Acosta,2021-03-01
0022000496,official1,David Guthrie,2021-03-01
0022000496,official2,James Williams,2021-03-01
0022000496,official3,Scott Twardoski,2021-03-01
0022000497,official1,Rodney Mott,2021-03-01
0022000497,official2,Tyler Ford,2021-03-01
0022000497,official3,Brandon Adair,2021-03-01
0022000498,official1,Josh Tiven,2021-03-01
0022000498,official2,Derrick Collins,2021-03-01
0022000498,official3,Karl Lane,2021-03-01
0022000499,official1,Tony Brown,2021-03-01
0022000499,official2,Aaron Smith,2021-03-01
0022000499,official3,Ashley Moyer-Gleich,2021-03-01
0022000500,official1,Sean Wright,2021-03-01
0022000500,official2,Michael Smith,2021-03-01
0022000500,official3,Mousa Dagher,2021-03-01
0022000501,official1,John Goble,2021-03-01
0022000501,official2,Ben Taylor,2021-03-01
0022000501,official3,Jonathan Sterling,2021-03-01
0022000502,official1,Tre Maddox,2021-03-01
0022000502,official2,Sean Corbin,2021-03-01
0022000502,official3,John Butler,2021-03-01
0022000503,official1,Courtney Kirkland,2021-03-01
0022000503,official2,Brian Forte,2021-03-01
0022000503,official3,Leon Wood,2021-03-01
0022000504,official1,Tony Brothers,2021-03-01
0022000504,official2,Jacyn Goble,2021-03-01
0022000504,official3,Matt Kallio,2021-03-01
0022000505,official1,Eric Lewis,2021-03-01
0022000505,official2,Mark Lindsay,2021-03-01
0022000505,official3,Aaron Smith,2021-03-01
0022000506,official1,Bill Kennedy,2021-03-01
0022000506,official2,Natalie Sago,2021-03-01
0022000506,official3,Nate Green,2021-03-01
0022000507,official1,Tony Brown,2021-03-01
0022000507,official2,Mitchell Ervin,2021-03-01
0022000507,official3,Phenizee Ransom,2021-03-01
0022000508,official1,Marc Davis,2021-03-01
0022000508,official2,Marat Kogut,2021-03-01
0022000508,official3,Danielle Scott,2021-03-01
0022000509,official1,Ben Taylor,2021-03-01
0022000509,official2,Matt Boland,2021-03-01
0022000509,official3,Brandon Adair,2021-03-01
0022000510,official1,Curtis Blair,2021-03-01
0022000510,official2,Nick Buchert,2021-03-01
0022000510,official3,Bennie Adams,2021-03-01
0022000511,official1,Zach Zarba,2021-03-01
0022000511,official2,Scott Twardoski,2021-03-01
0022000511,official3,Justin Van Duyne,2021-03-01
0022000512,official1,Rodney Mott,2021-03-01
0022000512,official2,Tyler Ford,2021-03-01
0022000512,official3,Lauren Holtkamp,2021-03-01
0022000513,official1,John Goble,2021-03-01
0022000513,official2,Ashley Moyer-Gleich,2021-03-01
0022000513,official3,John Conley,2021-03-01
0022000514,official1,Tre Maddox,2021-03-01
0022000514,official2,Karl Lane,2021-03-01
0022000514,official3,Haywoode Workman,2021-03-01
0022000515,official1,Sean Wright,2021-03-01
0022000515,official2,Jonathan Sterling,2021-03-01
0022000515,official3,Brandon Schwab,2021-03-01
0022000516,official1,Bill Kennedy,2021-03-01
0022000516,official2,Natalie Sago,2021-03-01
0022000516,official3,Nate Green,2021-03-01
0022000517,official1,Derrick Collins,2021-03-01
0022000517,official2,Leroy Richardson,2021-03-01
0022000517,official3,CJ Washington,2021-03-01
0022000518,official1,Curtis Blair,2021-03-01
0022000518,official2,Nick Buchert,2021-03-01
0022000518,official3,John Butler,2021-03-01
0022000519,official1,Scott Foster,2021-03-01
0022000519,official2,Michael Smith,2021-03-01
0022000519,official3,Ray Acosta,2021-03-01
0022000520,official1,Marc Davis,2021-03-01
0022000520,official2,Mark Lindsay,2021-03-01
0022000520,official3,Aaron Smith,2021-03-01
0022000521,official1,Tony Brothers,2021-03-01
0022000521,official2,Marat Kogut,2021-03-01
0022000521,official3,Danielle Scott,2021-03-01
0022000522,official1,Josh Tiven,2021-03-01
0022000522,official2,Jacyn Goble,2021-03-01
0022000522,official3,Robert Hussey,2021-03-01
0022000523,official1,Ken Mauer,2021-03-01
0022000523,official2,Mitchell Ervin,2021-03-01
0022000523,official3,Suyash Mehta,2021-03-01
0022000524,official1,Eric Lewis,2021-03-01
0022000524,official2,Scott Wall,2021-03-01
0022000524,official3,Matt Kallio,2021-03-01
0022000525,official1,Tony Brown,2021-03-01
0022000525,official2,Scott Twardoski,2021-03-01
0022000525,official3,Bennie Adams,2021-03-01
0022000526,official1,Ben Taylor,2021-03-01
0022000526,official2,Brandon Adair,2021-03-01
0022000526,official3,Phenizee Ransom,2021-03-01
0022000527,official1,Sean Corbin,2021-03-01
0022000527,official2,Matt Boland,2021-03-01
0022000527,official3,Justin Van Duyne,2021-03-01
0022000528,official1,Zach Zarba,2021-03-01
0022000528,official2,Tyler Ford,2021-03-01
0022000528,official3,Lauren Holtkamp,2021-03-01
0022000529,official1,Ken Mauer,2021-03-01
0022000529,official2,Mitchell Ervin,2021-03-01
0022000529,official3,Mousa Dagher,2021-03-01
0022000530,official1,John Goble,2021-03-01
0022000530,official2,Michael Smith,2021-03-01
0022000530,official3,Leroy Richardson,2021-03-01
0022000531,official1,Sean Wright,2021-03-01
0022000531,official2,CJ Washington,2021-03-01
0022000531,official3,Jenna Schroeder,2021-03-01
0022000532,official1,Curtis Blair,2021-03-01
0022000532,official2,Jonathan Sterling,2021-03-01
0022000532,official3,Andy Nagy,2021-03-01
0022000533,official1,Tom Washington,2021-03-01
0022000533,official2,Derrick Collins,2021-03-01
0022000533,official3,Haywoode Workman,2021-03-01
0022000534,official1,Tre Maddox,2021-03-01
0022000534,official2,Karl Lane,2021-03-01
0022000534,official3,Nate Green,2021-03-01
0022000535,official1,Mark Ayotte,2021-03-01
0022000535,official2,Derek Richardson,2021-03-01
0022000535,official3,John Butler,2021-03-01
0022000536,official1,Tony Brothers,2021-03-01
0022000536,official2,Brent Barnaky,2021-03-01
0022000536,official3,Natalie Sago,2021-03-01
0022000537,official1,Scott Foster,2021-03-01
0022000537,official2,Ben Taylor,2021-03-01
0022000537,official3,JB DeRosa,2021-03-01
0022000538,official1,Josh Tiven,2021-03-01
0022000538,official2,Scott Wall,2021-03-01
0022000538,official3,Jason Goldenberg,2021-03-01
0022000540,official1,Sean Wright,2021-03-01
0022000540,official2,Aaron Smith,2021-03-01
0022000540,official3,Mark Lindsay,2021-03-01
0022000541,official1,James Capers,2021-03-01
0022000541,official2,Nick Buchert,2021-03-01
0022000541,official3,Simone Jelks,2021-03-01
0022000542,official1,Marc Davis,2021-03-01
0022000542,official2,Tyler Ford,2021-03-01
0022000542,official3,Justin Van Duyne,2021-03-01
0022000539,official1,Eric Lewis,2021-03-01
0022000539,official2,Marat Kogut,2021-03-01
0022000539,official3,Mitchell Ervin,2021-03-01
0022000543,official1,Tony Brown,2021-03-01
0022000543,official2,Jonathan Sterling,2021-03-01
0022000543,official3,Andy Nagy,2021-03-01
0022000544,official1,Ken Mauer,2021-03-01
0022000544,official2,Karl Lane,2021-03-01
0022000544,official3,Ray Acosta,2021-03-01
0022000545,official1,Sean Corbin,2021-03-01
0022000545,official2,Michael Smith,2021-03-01
0022000545,official3,Brandon Adair,2021-03-01
0022000546,official1,James Williams,2021-03-01
0022000546,official2,Gediminas Petraitis,2021-03-01
0022000546,official3,Lauren Holtkamp,2021-03-01
0022000547,official1,Kane Fitzgerald,2021-03-01
0022000547,official2,Dedric Taylor,2021-03-01
0022000547,official3,Suyash Mehta,2021-03-01
0022000548,official1,Kevin Scott,2021-03-01
0022000548,official2,Tom Washington,2021-03-01
0022000548,official3,CJ Washington,2021-03-01
0022000549,official1,Tre Maddox,2021-03-01
0022000549,official2,Derrick Collins,2021-03-01
0022000549,official3,Matt Kallio,2021-03-01
0022000550,official1,Zach Zarba,2021-03-01
0022000550,official2,Mark Ayotte,2021-03-01
0022000550,official3,Derek Richardson,2021-03-01
0022000551,official1,Curtis Blair,2021-03-01
0022000551,official2,Matt Boland,2021-03-01
0022000551,official3,Jenna Schroeder,2021-03-01
0022000552,official1,Scott Foster,2021-03-06
0022000552,official2,Ben Taylor,2021-03-06
0022000552,official3,Brent Barnaky,2021-03-06
0022000553,official1,Eric Lewis,2021-03-06
0022000553,official2,Mark Lindsay,2021-03-06
0022000553,official3,JB DeRosa,2021-03-06
0022000554,official1,Tony Brothers,2021-03-06
0022000554,official2,Aaron Smith,2021-03-06
0022000554,official3,Jason Goldenberg,2021-03-06
0022000555,official1,Josh Tiven,2021-03-06
0022000555,official2,Marat Kogut,2021-03-06
0022000555,official3,Haywoode Workman,2021-03-06
0022000556,official1,James Capers,2021-03-06
0022000556,official2,Nick Buchert,2021-03-06
0022000556,official3,Simone Jelks,2021-03-06
0022000557,official1,Kevin Scott,2021-03-06
0022000557,official2,Mitchell Ervin,2021-03-06
0022000557,official3,CJ Washington,2021-03-06
0022000558,official1,Zach Zarba,2021-03-06
0022000558,official2,Tyler Ford,2021-03-06
0022000558,official3,Justin Van Duyne,2021-03-06
0022000565,official1,John Goble,2021-03-06
0022000565,official2,Natalie Sago,2021-03-06
0022000565,official3,John Conley,2021-03-06
0022000566,official1,Rodney Mott,2021-03-12
0022000566,official2,Karl Lane,2021-03-12
0022000566,official3,Ashley Moyer-Gleich,2021-03-12
0022000567,official1,Tre Maddox,2021-03-12
0022000567,official2,Mark Ayotte,2021-03-12
0022000567,official3,Eric Dalen,2021-03-12
0022000568,official1,Tony Brothers,2021-03-12
0022000568,official2,Matt Boland,2021-03-12
0022000568,official3,Jason Goldenberg,2021-03-12
0022000569,official1,Marc Davis,2021-03-12
0022000569,official2,Brent Barnaky,2021-03-12
0022000569,official3,Suyash Mehta,2021-03-12
0022000570,official1,Scott Foster,2021-03-12
0022000570,official2,Scott Wall,2021-03-12
0022000570,official3,Leroy Richardson,2021-03-12
0022000571,official1,Ken Mauer,2021-03-12
0022000571,official2,Marat Kogut,2021-03-12
0022000571,official3,CJ Washington,2021-03-12
0022000572,official1,Sean Corbin,2021-03-12
0022000572,official2,Natalie Sago,2021-03-12
0022000572,official3,Jonathan Sterling,2021-03-12
0022000573,official1,Tyler Ford,2021-03-12
0022000573,official2,Jacyn Goble,2021-03-12
0022000573,official3,Jenna Schroeder,2021-03-12
0022000574,official1,Kevin Cutler,2021-03-12
0022000574,official2,Mitchell Ervin,2021-03-12
0022000574,official3,Scott Twardoski,2021-03-12
0022000575,official1,Ben Taylor,2021-03-12
0022000575,official2,Mark Lindsay,2021-03-12
0022000575,official3,Phenizee Ransom,2021-03-12
0022000576,official1,Sean Wright,2021-03-12
0022000576,official2,Gediminas Petraitis,2021-03-12
0022000576,official3,Ray Acosta,2021-03-12
0022000577,official1,Ed Malloy,2021-03-12
0022000577,official2,Michael Smith,2021-03-12
0022000577,official3,Mousa Dagher,2021-03-12
0022000578,official1,Bill Kennedy,2021-03-12
0022000578,official2,Leon Wood,2021-03-12
0022000578,official3,Derek Richardson,2021-03-12
0022000579,official1,Tony Brown,2021-03-12
0022000579,official2,Lauren Holtkamp,2021-03-12
0022000579,official3,Brandon Adair,2021-03-12
0022000580,official1,Rodney Mott,2021-03-12
0022000580,official2,Mark Ayotte,2021-03-12
0022000580,official3,Justin Van Duyne,2021-03-12
0022000581,official1,James Capers,2021-03-12
0022000581,official2,Kevin Cutler,2021-03-12
0022000581,official3,Ashley Moyer-Gleich,2021-03-12
0022000582,official1,Zach Zarba,2021-03-12
0022000582,official2,Karl Lane,2021-03-12
0022000582,official3,Haywoode Workman,2021-03-12
0022000583,official1,Courtney Kirkland,2021-03-12
0022000583,official2,Tom Washington,2021-03-12
0022000583,official3,John Butler,2021-03-12
0022000584,official1,Tre Maddox,2021-03-12
0022000584,official2,Nick Buchert,2021-03-12
0022000584,official3,Brett Nansel,2021-03-12
0022000585,official1,Sean Wright,2021-03-12
0022000585,official2,Gediminas Petraitis,2021-03-12
0022000585,official3,Eric Dalen,2021-03-12
0022000586,official1,Josh Tiven,2021-03-14
0022000586,official2,Leon Wood,2021-03-14
0022000586,official3,Scott Twardoski,2021-03-14
0022000587,official1,Marc Davis,2021-03-14
0022000587,official2,Aaron Smith,2021-03-14
0022000587,official3,Jason Goldenberg,2021-03-14
0022000588,official1,Tony Brothers,2021-03-14
0022000588,official2,Matt Boland,2021-03-14
0022000588,official3,Nate Green,2021-03-14
0022000589,official1,Tyler Ford,2021-03-14
0022000589,official2,Brandon Adair,2021-03-14
0022000589,official3,Leroy Richardson,2021-03-14
0022000590,official1,Scott Foster,2021-03-14
0022000590,official2,Marat Kogut,2021-03-14
0022000590,official3,Scott Wall,2021-03-14
0022000591,official1,Sean Corbin,2021-03-14
0022000591,official2,Mark Lindsay,2021-03-14
0022000591,official3,Jacyn Goble,2021-03-14
0022000592,official1,Bill Kennedy,2021-03-14
0022000592,official2,Michael Smith,2021-03-14
0022000592,official3,Jonathan Sterling,2021-03-14
0022000593,official1,Josh Tiven,2021-03-14
0022000593,official2,Dedric Taylor,2021-03-14
0022000593,official3,John Butler,2021-03-14
0022000594,official1,Zach Zarba,2021-03-14
0022000594,official2,Derrick Collins,2021-03-14
0022000594,official3,Eric Dalen,2021-03-14
0022000595,official1,Rodney Mott,2021-03-14
0022000595,official2,Mitchell Ervin,2021-03-14
0022000595,official3,Brett Nansel,2021-03-14
0022000596,official1,Curtis Blair,2021-03-14
0022000596,official2,Kevin Cutler,2021-03-14
0022000596,official3,CJ Washington,2021-03-14
0022000597,official1,Eric Lewis,2021-03-14
0022000597,official2,Marat Kogut,2021-03-14
0022000597,official3,Evan Scott,2021-03-14
0022000598,official1,Tom Washington,2021-03-14
0022000598,official2,Justin Van Duyne,2021-03-14
0022000598,official3,Ashley Moyer-Gleich,2021-03-14
0022000599,official1,Tre Maddox,2021-03-14
0022000599,official2,Nick Buchert,2021-03-14
0022000599,official3,Phenizee Ransom,2021-03-14
0022000600,official1,Ken Mauer,2021-03-14
0022000600,official2,Karl Lane,2021-03-14
0022000600,official3,Mousa Dagher,2021-03-14
0022000601,official1,James Capers,2021-03-14
0022000601,official2,Mark Ayotte,2021-03-14
0022000601,official3,Simone Jelks,2021-03-14
0022000602,official1,Sean Corbin,2021-03-16
0022000602,official2,Mark Lindsay,2021-03-16
0022000602,official3,Nate Green,2021-03-16
0022000603,official1,Sean Wright,2021-03-16
0022000603,official2,Jacyn Goble,2021-03-16
0022000603,official3,Suyash Mehta,2021-03-16
0022000604,official1,Scott Foster,2021-03-16
0022000604,official2,Brent Barnaky,2021-03-16
0022000604,official3,Matt Myers,2021-03-16
0022000605,official1,Courtney Kirkland,2021-03-16
0022000605,official2,Leon Wood,2021-03-16
0022000605,official3,Scott Twardoski,2021-03-16
0022000606,official1,Bill Kennedy,2021-03-16
0022000606,official2,Michael Smith,2021-03-16
0022000606,official3,Jonathan Sterling,2021-03-16
0022000607,official1,Ed Malloy,2021-03-16
0022000607,official2,Gediminas Petraitis,2021-03-16
0022000607,official3,Ray Acosta,2021-03-16
0022000608,official1,Zach Zarba,2021-03-16
0022000608,official2,Ben Taylor,2021-03-16
0022000608,official3,Haywoode Workman,2021-03-16
0022000609,official1,Tre Maddox,2021-03-16
0022000609,official2,Kevin Cutler,2021-03-16
0022000609,official3,JB DeRosa,2021-03-16
0022000610,official1,Rodney Mott,2021-03-16
0022000610,official2,Tom Washington,2021-03-16
0022000610,official3,Mousa Dagher,2021-03-16
0022000611,official1,Ken Mauer,2021-03-16
0022000611,official2,Marat Kogut,2021-03-16
0022000611,official3,Simone Jelks,2021-03-16
0022000612,official1,Curtis Blair,2021-03-16
0022000612,official2,Nick Buchert,2021-03-16
0022000612,official3,Justin Van Duyne,2021-03-16
0022000613,official1,James Capers,2021-03-16
0022000613,official2,Mark Ayotte,2021-03-16
0022000613,official3,Jenna Schroeder,2021-03-16
0022000614,official1,Josh Tiven,2021-03-16
0022000614,official2,Derrick Collins,2021-03-16
0022000614,official3,Eric Dalen,2021-03-16
0022000615,official1,Eric Lewis,2021-03-16
0022000615,official2,Dedric Taylor,2021-03-16
0022000615,official3,John Butler,2021-03-16
